Id,y
10000,-66.00242349023135
10001,451.40650440115496
10002,-461.6764170602992
10003,40.501208753723084
10004,-126.74472245403695
10005,-342.534551819251
10006,-396.5555421135892
10007,335.5412790790874
10008,-99.51242087062349
10009,304.81253980627594
10010,68.89453048978544
10011,412.36919545590706
10012,54.94237102476804
10013,-17.00555075477978
10014,-597.8499575722611
10015,443.5022887864149
10016,144.7744869780435
10017,-57.41116367253651
10018,134.38782757746054
10019,-108.98377598910865
10020,153.82482842506695
10021,611.7359836022023
10022,588.3896503384219
10023,-131.01679995801982
10024,-61.135621141229514
10025,-374.24849531697265
10026,74.15799307965406
10027,137.4383787361044
10028,420.08661179679046
10029,196.76562571344274
10030,268.44284980053163
10031,638.4749102511089
10032,127.37873138691971
10033,1.3491187583999646
10034,22.710453177407988
10035,342.23953452256467
10036,307.7039669741719
10037,348.1382087009398
10038,-168.6528613073543
10039,-20.221130904617226
10040,-551.7499275731114
10041,-429.97180406674016
10042,261.891958706744
10043,389.8204261292213
10044,-96.16562227356553
10045,-210.71080125632415
10046,278.8818687840112
10047,-427.45330103104914
10048,-172.90325291756716
10049,467.2643783557858
10050,-631.5587355874388
10051,-355.53165933817854
10052,143.17327553860383
10053,69.1992025989421
10054,275.5882739767254
10055,-263.18861220410236
10056,167.49830723241254
10057,104.57789589014257
10058,230.0700866100755
10059,20.988026644576507
10060,-4.822581262501603
10061,-201.92294081063733
10062,560.06392656577
10063,55.28847625244903
10064,671.3015746918347
10065,-493.7487382852285
10066,-279.35303673259205
10067,-53.712527613148
10068,379.69819550097543
10069,315.0714108579815
10070,169.1300173261431
10071,-271.5993032690114
10072,783.8022226750342
10073,44.577311515548494
10074,57.4067800545774
10075,-161.07827414306797
10076,-220.66957847885737
10077,223.2412944292917
10078,352.6655955437542
10079,13.163291366265593
10080,-461.99414698573054
10081,305.3721466914234
10082,-230.59656173861123
10083,359.07444324254396
10084,-430.26056337592144
10085,-115.54882205546191
10086,-88.96006387867375
10087,-488.2901898080419
10088,-139.35033854713527
10089,57.33880810852681
10090,-190.33624272166426
10091,-6.508092914824568
10092,189.29107774701833
10093,346.60367818565527
10094,871.6273206485896
10095,-147.01353738653847
10096,443.4899377794298
10097,-30.498432974436952
10098,185.46345753445937
10099,-119.917171517328
10100,43.57523800180729
10101,58.318571552244386
10102,-197.15246829839762
10103,-70.4716067884122
10104,-342.8460532886677
10105,-29.233589873717005
10106,49.5229292961036
10107,-16.24614413791314
10108,33.77506926160688
10109,-68.88307748324135
10110,25.863399493696853
10111,-617.3142842716954
10112,-185.90441301194892
10113,323.7831061093863
10114,-35.662195722127926
10115,-733.5297711613836
10116,-240.73856264736105
10117,-381.9731466242489
10118,75.31994462169503
10119,36.61032645911782
10120,-28.756270225023105
10121,-481.1606279685881
10122,408.85023042298866
10123,-765.0217471991634
10124,178.0726965163704
10125,-7.649879385673273
10126,134.79684623375925
10127,-477.45851421287017
10128,-248.706253013236
10129,-361.8846572238637
10130,-18.75561174855418
10131,7.795604374434674
10132,-109.10598972538364
10133,-63.0737452421943
10134,591.8231837349157
10135,259.61263369662777
10136,-279.86583200876754
10137,93.2253594005184
10138,-427.2873154191352
10139,84.3865663308981
10140,-311.5446306441554
10141,11.419268612561542
10142,-297.83146842358525
10143,-331.9289709686432
10144,656.0132305257305
10145,-476.6626813650537
10146,361.19404513377464
10147,-150.1852686119229
10148,299.94671902432384
10149,-191.72143219270782
10150,151.94999511612014
10151,-64.67275781576423
10152,351.24486163063347
10153,-370.6364457562725
10154,349.224981786111
10155,273.5246096168014
10156,783.1971843196874
10157,-124.23788973574013
10158,-155.22004432990823
10159,-506.9556493864102
10160,201.69321238561537
10161,-415.1740571596362
10162,-348.1651051695646
10163,-201.9522410868096
10164,-658.9504470533369
10165,179.34640168171524
10166,124.06925816168723
10167,-209.1502535520177
10168,213.70513477400578
10169,-82.11721023808934
10170,-97.11026989726857
10171,124.26800574648048
10172,50.28991565714288
10173,538.7439592813369
10174,630.0175345543369
10175,217.25927782654426
10176,-491.7337413267077
10177,-131.14175113883275
10178,362.39302241729456
10179,-14.363038055408264
10180,-30.261757361676292
10181,-107.32358076729918
10182,-334.06259292967184
10183,299.5063996464328
10184,-103.47221484505344
10185,179.82049946719425
10186,122.20070887900697
10187,86.58037161690629
10188,386.482560566992
10189,-613.3611745045823
10190,-269.8163873834627
10191,260.7314512622858
10192,-44.62016128042724
10193,-159.15717576416858
10194,-145.24559879357517
10195,447.2282148760013
10196,476.3569859695946
10197,121.79421345327242
10198,-1.5356790561065055
10199,410.7440965387812
10200,90.82809979964745
10201,150.07336956845117
10202,24.033652961546863
10203,273.8866340536305
10204,-154.52926038025097
10205,42.588901507065785
10206,617.3417063168563
10207,38.93936076142959
10208,-91.43610119490415
10209,225.3532747739113
10210,151.05827577085648
10211,-86.91664773646002
10212,-101.717889580073
10213,161.9377650260551
10214,357.8704141035455
10215,32.145978186554274
10216,-379.1453992002921
10217,-165.942132223672
10218,257.453921694541
10219,-124.83850779184112
10220,47.08451472299201
10221,-67.05065138980201
10222,287.1733441341638
10223,836.2674277701624
10224,-78.7332926020564
10225,-293.0092291521938
10226,284.91632646225605
10227,377.9514320082277
10228,-473.94261958972265
10229,-538.8094549766042
10230,-372.90475040318665
10231,-83.37700889968751
10232,157.4620595191128
10233,167.50291456151032
10234,-105.69040574319642
10235,561.1616879176283
10236,-149.3553189574681
10237,196.96680512352228
10238,-33.81991172757969
10239,5.1994198823374855
10240,-121.70842296063252
10241,53.47357981737842
10242,531.2918938411248
10243,-157.60262258937593
10244,-183.7719623926123
10245,643.8322464256623
10246,17.780306010129458
10247,-92.07939719460266
10248,485.49316460507487
10249,-221.23657860793924
10250,490.60650504846143
10251,-43.67715915425049
10252,139.93322987117637
10253,207.50447442761106
10254,17.0926470243602
10255,-396.4720331605291
10256,-168.3016676152915
10257,-75.59324100124431
10258,-292.0735078007695
10259,-59.37366534663313
10260,247.36904706438435
10261,206.83112758185644
10262,17.462464464080153
10263,-181.8114850065696
10264,300.17615094548603
10265,-567.6387247955888
10266,311.593272852635
10267,-9.929511835492121
10268,161.407823045478
10269,272.3855992297234
10270,55.12245741942553
10271,-15.278267412197673
10272,286.4023019429028
10273,387.88861194347453
10274,-148.57888863638658
10275,171.95235244839586
10276,-411.570592222679
10277,213.8025382707521
10278,133.93002437371715
10279,-99.01717750124168
10280,-162.41724224558234
10281,-39.074190113478764
10282,-295.1584521832394
10283,141.32481354359567
10284,163.05983005334585
10285,-55.4554014624177
10286,-145.7406760935216
10287,16.350462436354473
10288,-364.2985584828284
10289,558.6630187376728
10290,40.05066121900747
10291,67.63734504297001
10292,559.8400846554663
10293,469.8069471574157
10294,-149.49980105452946
10295,-328.82278669969634
10296,425.77131704667437
10297,85.50466241179484
10298,-166.91553705584948
10299,-662.2984070393496
10300,50.280391653003655
10301,-11.35571833296176
10302,-451.81126444953054
10303,78.67283313413114
10304,-386.81879991735667
10305,-273.2273830523715
10306,352.0150454400221
10307,-263.84804091810213
10308,-214.7302229936118
10309,-84.88115489738433
10310,745.8832791254225
10311,-418.9751084522736
10312,739.1991251661946
10313,-469.0774263529478
10314,481.8298448656713
10315,363.2079747874407
10316,-270.2530418207191
10317,-399.59212471613193
10318,234.45728030706428
10319,-38.734693570326364
10320,238.36874871850688
10321,28.697441990182803
10322,238.23095785965288
10323,-130.0074403000013
10324,-681.2945617788498
10325,61.58065295954255
10326,-444.92985067095907
10327,-14.71320839284067
10328,680.4767823428567
10329,288.73260649376425
10330,839.9704901556719
10331,416.65747651917934
10332,167.3560372891568
10333,-86.77953786706868
10334,332.76996760043664
10335,-201.33443093425367
10336,-43.6250829878413
10337,-107.90237779609704
10338,-284.03573802517064
10339,232.60855717832584
10340,237.83315171539988
10341,74.39980567720309
10342,255.51770406364594
10343,-168.64961928561027
10344,68.56334601629004
10345,-365.44198172526063
10346,189.70649886094606
10347,-369.833249766709
10348,-250.90024390237787
10349,76.31355019623211
10350,-344.9455092337759
10351,-187.4233932681256
10352,482.1697569825218
10353,125.75266972885989
10354,450.6919437521854
10355,216.17619018208205
10356,34.341935719304814
10357,57.51145596121523
10358,-211.41949894712724
10359,49.76249180949307
10360,76.11104020758432
10361,-29.19625449044073
10362,33.04895852873743
10363,364.56271216310006
10364,234.48280987315133
10365,-21.796554859089962
10366,-476.9378770477999
10367,43.5676589930469
10368,-310.95721366516915
10369,-46.94111622603712
10370,181.19558107133554
10371,-214.9624298200718
10372,-80.22706031522132
10373,841.2082291657364
10374,102.35678708587007
10375,37.29773804688169
10376,77.39818275960211
10377,435.79452149369206
10378,111.39479265155708
10379,-128.82922415387506
10380,573.0501210583959
10381,48.602468077911155
10382,-68.5541465921885
10383,56.68162450583024
10384,-360.30993199944027
10385,131.90192283450412
10386,-264.5258976334306
10387,-378.79324972499256
10388,-190.09929259976633
10389,862.9152130409615
10390,159.5764966623107
10391,514.0204635801454
10392,61.387667803406956
10393,720.8758958326578
10394,-450.97673103980213
10395,105.89444211999725
10396,-27.53260304400286
10397,-23.435561966770045
10398,331.2059982949458
10399,-156.024563948241
10400,0.9477018385603373
10401,17.232405165319687
10402,143.23908417021232
10403,53.22645139074672
10404,41.01334926979437
10405,-129.39255146834734
10406,430.91652104593015
10407,-427.90961965735704
10408,49.114004852091696
10409,-221.64758038918734
10410,-313.7597121868504
10411,115.24452244706977
10412,96.10097204453552
10413,-399.91598494242083
10414,-8.411407923562926
10415,733.1841324374682
10416,-332.42676649165094
10417,83.67612042194328
10418,339.7927486554425
10419,-35.115701314514276
10420,38.20433543387793
10421,-606.198489055931
10422,194.27285338946177
10423,155.03155116158246
10424,-111.25647787348385
10425,-63.33937163651613
10426,403.9358187289639
10427,690.9194303358597
10428,75.78129943644993
10429,-340.315406523576
10430,-195.76159542697843
10431,40.44513870875569
10432,-137.65418796029283
10433,-95.67479658954471
10434,290.84353787250274
10435,568.4646813472785
10436,351.2186507540744
10437,194.71516658168252
10438,-312.15084208719355
10439,-518.3107868724477
10440,-80.75158048061289
10441,-109.91053830578463
10442,491.41083647519616
10443,371.48514486049373
10444,343.8566446684352
10445,114.60785397368446
10446,-315.2044219098825
10447,83.10396509307073
10448,-82.59915101774068
10449,-182.21902722527565
10450,-294.91729245130466
10451,-294.21055531486957
10452,611.5470417356519
10453,-34.75613410359252
10454,-115.0415769005778
10455,263.2793379023755
10456,346.056512092838
10457,194.61161526910993
10458,257.3561496384942
10459,-303.20809492711504
10460,-173.19591085705972
10461,-88.53983448578467
10462,137.60161200011183
10463,337.048649278065
10464,155.7252346036269
10465,-250.29079290523805
10466,148.06340015143536
10467,333.6821886093782
10468,-260.3363923834255
10469,340.30790922791437
10470,224.6853557126953
10471,-607.279717061931
10472,-54.859592940918596
10473,-685.091081725843
10474,268.25827077859424
10475,108.79743563388425
10476,-233.1676171727206
10477,115.89088157850203
10478,75.28875461498474
10479,312.5869539403422
10480,78.42590704679496
10481,-509.6307964395822
10482,142.15294578474632
10483,-567.6096744598838
10484,99.19784411013086
10485,181.7656936468097
10486,-27.407098394358332
10487,-646.8210508159748
10488,-261.63281625029924
10489,-398.8768891978158
10490,-259.41075205618296
10491,-252.05740356799083
10492,-25.64796722733147
10493,-479.357949423142
10494,109.91068619021905
10495,161.9425796911398
10496,-436.80717423975494
10497,-66.01220442256755
10498,-73.60538265407186
10499,51.00273944619382
10500,7.6096810321635076
10501,-38.39048673108285
10502,493.5959706069283
10503,-303.44908054448655
10504,285.363058760686
10505,236.93082121946208
10506,-112.90288738209154
10507,-104.916397054047
10508,70.11071172015195
10509,-334.40218077461793
10510,-526.1520613513318
10511,26.69512668154034
10512,16.625076878906793
10513,-282.62391868623934
10514,-156.76438922324823
10515,-368.7038524010559
10516,87.26698388397388
10517,9.621961449394291
10518,159.33855433394973
10519,737.8354361900722
10520,-63.525614896837894
10521,253.39234540406815
10522,-195.47926226047906
10523,-233.60406275700598
10524,672.0430027603301
10525,161.02647811634014
10526,-86.92388588378196
10527,767.4499376317865
10528,300.14345470154257
10529,-264.63326212053045
10530,506.80692249836676
10531,413.7325757860616
10532,-227.95565420458576
10533,270.7218219182481
10534,166.272145388432
10535,467.8359469952992
10536,691.0141927413326
10537,-235.19550162577525
10538,-204.49475633783692
10539,235.56549902566977
10540,481.5082289895014
10541,-404.28637162617326
10542,499.6345988790219
10543,-280.4236242835598
10544,349.6353570127749
10545,56.27921855932694
10546,377.78382419955284
10547,58.2392941250823
10548,424.2998121746483
10549,85.80041244154711
10550,-252.99288852458957
10551,172.8678449550204
10552,-190.10660020571424
10553,306.96428652366865
10554,-179.11766493342256
10555,-155.775904940049
10556,-208.75257057910835
10557,-257.42597802041774
10558,-187.88708045784358
10559,178.9596858980307
10560,769.2994246067658
10561,131.45400495646192
10562,-86.3360584772552
10563,-440.7896941287978
10564,522.2063378416922
10565,74.2604453705895
10566,-273.34519080824776
10567,23.88548320272215
10568,-140.88619011673774
10569,337.44189332546466
10570,63.42512024403095
10571,-78.12104360563963
10572,-209.4159615061065
10573,-354.30221699579016
10574,261.54958940727295
10575,252.7847530350221
10576,415.33279349639815
10577,-341.410621774963
10578,-101.54306561728922
10579,-82.98003734434675
10580,-146.19185945082995
10581,-400.9570095088502
10582,114.68810161530727
10583,-318.40944917284065
10584,-27.12865111315032
10585,253.39206355032297
10586,-15.161597235909943
10587,490.2763101566972
10588,67.16055415516045
10589,-583.6536301606633
10590,566.8292227808818
10591,-659.7840206113418
10592,-280.3445865766315
10593,-618.4849576034642
10594,-403.0815217720824
10595,52.580795867776395
10596,154.13724781790555
10597,-187.1872458864615
10598,45.06432286401861
10599,389.8698024589756
10600,497.4944277009734
10601,-172.60466145696964
10602,-199.4880483069116
10603,146.33213540458775
10604,-745.931421182365
10605,-230.93578234679626
10606,-157.73768823510508
10607,170.55585672160774
10608,58.52819579127392
10609,21.778235377083185
10610,-33.84543238859552
10611,527.0115321450173
10612,370.35979324782073
10613,-83.70884929336653
10614,-297.8667818275179
10615,379.6300416409047
10616,-194.49981867886453
10617,-59.08115423924117
10618,-59.050741456086044
10619,-265.79533104064166
10620,-488.32421484496336
10621,-28.133316815096965
10622,-110.8972425166389
10623,642.5198198743141
10624,-25.10495824557507
10625,368.2746547201454
10626,274.79921352704184
10627,416.52612933638494
10628,110.573248679843
10629,561.3783520521667
10630,497.14376211577667
10631,-201.60987734450921
10632,-370.05229826158836
10633,731.057372423598
10634,-380.1370791551691
10635,-200.6025155052088
10636,272.08601189375497
10637,269.840589910763
10638,-243.56399508534605
10639,-80.6420943458687
10640,-467.9770128985555
10641,384.10330917171257
10642,-158.51464076438273
10643,-321.14290897908086
10644,-72.30709812158334
10645,244.896501048631
10646,-111.76687989927595
10647,-71.30354161628637
10648,-97.14900534513906
10649,387.99285294446247
10650,134.07976082545443
10651,-372.72453971834426
10652,-153.89734891410617
10653,376.0557246783067
10654,-45.06699972728184
10655,29.111024201616704
10656,-164.38841371392454
10657,291.3802875570239
10658,-389.64290898924577
10659,-145.45381366072814
10660,276.50614199272434
10661,-134.09381091718924
10662,82.94811155481175
10663,143.77337061052754
10664,230.85377823040852
10665,649.8980469913479
10666,188.10011410399213
10667,170.77221614376168
10668,-533.8474844790481
10669,-516.1349688253702
10670,-356.78697467216546
10671,480.90374320564797
10672,-54.53599296167524
10673,-272.66057204038077
10674,-89.16369341976738
10675,-97.40004082495982
10676,-264.29803775062635
10677,-558.8516759610409
10678,-18.223173989822453
10679,238.68337858797946
10680,-107.49682687897644
10681,-439.7371496922739
10682,-366.0873776204499
10683,540.474402291901
10684,-335.9192295399886
10685,128.9848136466244
10686,-360.4650592778836
10687,-211.0145865682001
10688,115.70383605399684
10689,-723.6333562247721
10690,380.8939221056088
10691,24.30096980575565
10692,-145.38761452740982
10693,-157.28295617853883
10694,134.10336003672947
10695,215.95710077116155
10696,-310.20616373438935
10697,18.018883693842717
10698,-287.1696947296591
10699,-244.82888943623874
10700,-126.15190632103035
10701,-276.851033697201
10702,-63.902823195383895
10703,-268.2907419843653
10704,80.99060618707657
10705,135.4919764914789
10706,265.86171737073533
10707,290.1533893185744
10708,72.85750706987581
10709,-88.6450183828437
10710,-562.5238017086106
10711,-257.9685916645923
10712,-88.32818773227659
10713,-608.9048913545778
10714,16.648129846867153
10715,-117.99664144508858
10716,244.4881358582511
10717,60.961320646526744
10718,640.850472611427
10719,15.07359265866241
10720,135.00644430477297
10721,39.52337453323228
10722,86.44560574134236
10723,20.337654615455563
10724,217.44242023198075
10725,-8.574845990247535
10726,172.3975873173989
10727,-326.0037487732896
10728,347.5813407240381
10729,128.95803909114522
10730,-379.75008861295373
10731,-134.7069570566249
10732,153.56888514342432
10733,-72.12278608897068
10734,183.3084883057267
10735,-456.53877619137876
10736,152.2753016259966
10737,-20.658280599070736
10738,245.6223283546582
10739,776.4009728233557
10740,-320.14345296022435
10741,-479.31970828477813
10742,-69.75434860290844
10743,-372.01045319605174
10744,397.2822473818086
10745,94.97293025154045
10746,-545.8700939849767
10747,92.71733084803323
10748,456.62324679869687
10749,140.3351962920396
10750,-542.616784503442
10751,33.256178473055435
10752,237.5455531193662
10753,-260.5147806037737
10754,-227.74117804894541
10755,-18.374207944644137
10756,357.23207935778976
10757,234.1686632237951
10758,309.0494908647157
10759,109.41620907267836
10760,297.0462771953383
10761,431.2827186897728
10762,-285.90275415168367
10763,-461.123185060563
10764,458.8411685202926
10765,-35.132478657934186
10766,-138.96677867277995
10767,435.8781113541387
10768,-327.55173248124316
10769,-16.175842225601105
10770,32.68738315097187
10771,-143.11036093613365
10772,-82.91163796819326
10773,-26.395849579088225
10774,-295.906542483769
10775,-300.94455130927753
10776,-157.03746176056396
10777,-444.10542517056746
10778,55.54295923374433
10779,136.0957334337383
10780,-59.93423441413804
10781,774.7869393558548
10782,-291.82146940254216
10783,449.6545133580521
10784,-231.20082491305283
10785,88.18058840405119
10786,511.6823816159443
10787,27.698913991853964
10788,69.71900343078526
10789,-684.0304286748194
10790,-181.16575418910776
10791,-592.2856835316268
10792,-326.3723044913684
10793,527.5739554313374
10794,-175.9822322889251
10795,555.3273243262497
10796,-40.06219256947666
10797,-242.9096118442566
10798,466.4750098322087
10799,209.72657821779882
10800,112.4739902863377
10801,655.9597092112729
10802,-253.6728820136544
10803,-143.14006436902673
10804,261.90903344912556
10805,-51.430524620989125
10806,-646.5343714931214
10807,-114.11730645512901
10808,126.14931118008026
10809,204.59346285899497
10810,-300.39361365831354
10811,-415.68674588953974
10812,6.449152884280989
10813,72.80107777482871
10814,160.6608720814523
10815,249.311689291817
10816,-248.28534524656297
10817,7.830629922612661
10818,-466.3838270166584
10819,290.15144404460136
10820,-309.03320656333983
10821,528.6916611956265
10822,372.4938479322542
10823,-328.0862663096855
10824,-94.65873407725152
10825,55.56919414045732
10826,67.34382419031682
10827,-533.668381249131
10828,-128.1086335034484
10829,-542.9948584464189
10830,54.63463967258101
10831,182.6604348326792
10832,-41.29948573089108
10833,652.8127633917358
10834,-336.9657807378885
10835,99.96282019773795
10836,811.7900163367078
10837,-346.2521160653002
10838,103.69087960098379
10839,487.7360812633325
10840,120.89569101399145
10841,-324.3296740543696
10842,-136.4121297121485
10843,-41.924430030976986
10844,282.7029865802339
10845,345.6203289702049
10846,124.69798534752358
10847,-206.11335283373396
10848,155.93998583214054
10849,-443.76722994338553
10850,-273.3430034005962
10851,195.95033081854584
10852,-30.69004085139984
10853,86.56778659815451
10854,-312.21136188949623
10855,41.00524696145781
10856,307.67518019994793
10857,532.9059494214049
10858,260.16168056338046
10859,362.0055075337368
10860,101.32898120196835
10861,38.4412961398941
10862,20.26767475390302
10863,117.44024988074625
10864,573.6911827078559
10865,-507.5920585145007
10866,-211.76962671045652
10867,-78.39989740428156
10868,-319.57376765957343
10869,-267.4465644183347
10870,-780.8570319676237
10871,50.22998055644371
10872,-298.54901081716724
10873,23.392386523116738
10874,-76.29059741014724
10875,-257.5974704642546
10876,171.5643650979654
10877,-121.6007831624898
10878,-451.3737768554306
10879,81.1353388426825
10880,-212.55249317142597
10881,-3.5349272290955582
10882,-408.2554810001849
10883,-158.651331944658
10884,238.39834201613084
10885,-133.03572327369653
10886,-266.0840826060641
10887,247.7427043819476
10888,347.96654428323706
10889,-511.31524281086683
10890,21.81587121501954
10891,-163.84140964229104
10892,-472.5608363970476
10893,-365.0082671512347
10894,272.4371379322401
10895,92.37376374891626
10896,491.80814568465166
10897,-200.0360581358085
10898,144.31490824987478
10899,-554.3580524199995
10900,-449.35755789415754
10901,565.0154801799599
10902,446.31875807462154
10903,309.6973881874126
10904,282.92794140775004
10905,176.197628189968
10906,-315.1418517603812
10907,612.3377931152968
10908,274.2522312477311
10909,-19.436173058565146
10910,404.6254477705246
10911,47.26648142698533
10912,101.89624080960495
10913,98.14809562777889
10914,-231.35258244372304
10915,136.3361231916424
10916,-150.3100592679496
10917,461.19954997878796
10918,145.69015888427307
10919,-405.823741875558
10920,-405.5525658750961
10921,213.67394365056143
10922,-204.80364027314414
10923,-118.57063791050851
10924,675.2302648290726
10925,145.1619878685346
10926,489.6870020199625
10927,-173.76557459369354
10928,89.69168465283674
10929,239.01179154231
10930,-68.18000068660092
10931,93.66677561513261
10932,-196.55301722008707
10933,-711.753444720093
10934,-104.15023991148978
10935,55.73003950122942
10936,74.24035058478636
10937,625.7495908769048
10938,234.98688486875463
10939,221.59294793875674
10940,61.931591756794816
10941,239.73644833443637
10942,-21.33808181831829
10943,180.16473629709213
10944,14.91862799549782
10945,-374.86568834825164
10946,-397.51492885840315
10947,114.66690843216138
10948,-269.6162287989432
10949,0.13921221449168114
10950,-34.59484676069373
10951,72.73402122668146
10952,-188.80556313903844
10953,-365.53367192345365
10954,-67.59552255426806
10955,19.501170139178885
10956,212.78259013823353
10957,170.72284688263193
10958,48.75605588201854
10959,-239.4465227916465
10960,409.7382051551801
10961,399.86800565030916
10962,18.693100459976424
10963,165.7669719598435
10964,-124.3894534967105
10965,54.9945232127865
10966,640.4320745648683
10967,7.578792735554328
10968,-265.04763041001127
10969,1.6927330910936178
10970,18.51713362126761
10971,-248.85163930169307
10972,106.86193154650803
10973,251.63914312090955
10974,133.83773953640681
10975,-358.2669613769305
10976,426.2614473176403
10977,71.97842246974048
10978,-322.08755962522054
10979,438.84026750159376
10980,-40.132114491341824
10981,283.80356865292583
10982,-487.9061953325845
10983,-86.93302825214808
10984,-470.8501510916907
10985,73.14648277315187
10986,-688.3900989407997
10987,392.478567566041
10988,-328.6310374955384
10989,149.39160063469262
10990,321.7931147606056
10991,584.3930870450633
10992,206.75729570024905
10993,36.548225997008046
10994,-37.77828521118833
10995,-551.0517094651366
10996,-107.85120387756997
10997,-176.8060279535305
10998,-356.8894911731824
10999,418.4145841124784
11000,-26.13349601698146
11001,-213.909513628031
11002,246.57978881987697
11003,-32.0110249497122
11004,-126.73258849582658
11005,26.91449155761927
11006,198.92197376295206
11007,-18.843554414707295
11008,-119.5148460764237
11009,-389.9037605310738
11010,-149.50928607147875
11011,-308.96203021469444
11012,-478.7771604137526
11013,-616.7291412522796
11014,-25.8908296113846
11015,-133.17659031686387
11016,-633.058725229321
11017,-32.26329474560756
11018,28.795819581694616
11019,-290.00132364066025
11020,-168.02496539200087
11021,-173.8410200197397
11022,107.27955415166302
11023,278.32878520700035
11024,164.73665181591318
11025,596.7860199506165
11026,737.7802177171225
11027,-57.044398703887666
11028,-20.381913027885343
11029,193.11140830024652
11030,150.95242220368192
11031,-340.8779258558667
11032,207.5565702465376
11033,-27.67472612589254
11034,-146.95165736571204
11035,-121.88066829612674
11036,144.47950532989012
11037,333.20953167889706
11038,-452.5131209680453
11039,-208.5368467442234
11040,265.84494752360945
11041,-86.1964595005007
11042,-456.01061792236305
11043,-377.73004720142757
11044,277.55668897045297
11045,-98.2881655686435
11046,-258.6774182328505
11047,508.5130216465908
11048,-27.82946676741519
11049,-397.8382252241875
11050,27.294231548041843
11051,55.46090696291317
11052,86.52443961502678
11053,-417.7182670641675
11054,265.0746921743701
11055,126.4953798005735
11056,-731.2337998933427
11057,26.768529070431658
11058,15.172424965473994
11059,603.1491770539611
11060,-68.51036908576097
11061,-630.1588497389253
11062,391.4398950451703
11063,191.2673977127126
11064,-82.79915889804553
11065,874.2798355716817
11066,130.10220965607914
11067,24.825257629838937
11068,10.015684555530289
11069,407.55355195098446
11070,184.93372244983664
11071,699.4013403550848
11072,12.874182171249611
11073,-569.7950312054747
11074,-60.61826753027135
11075,-96.58944292586045
11076,19.660708357384465
11077,30.225969050066134
11078,-107.06858214835677
11079,-23.44815302330855
11080,-16.563489755112347
11081,18.767317998588016
11082,145.95038182220657
11083,-428.10275660092145
11084,-158.17477611037188
11085,-44.37808089678822
11086,-411.2997705448303
11087,218.4210180820249
11088,141.24530784475252
11089,316.63475597059096
11090,93.68023982535513
11091,154.1640540256554
11092,-132.9202502359105
11093,-293.87357139530707
11094,485.30634558787517
11095,-271.2294815068547
11096,373.38314717843343
11097,-359.66959875632824
11098,-459.99230445069526
11099,209.05369852328195
11100,46.74008351487731
11101,-767.8965435991787
11102,-153.969466825706
11103,-66.68289246156807
11104,-15.944035080887227
11105,16.075984345000098
11106,157.03893670157353
11107,585.6578635592915
11108,-259.638105979392
11109,264.4864666930858
11110,171.5586506995273
11111,182.06572554508512
11112,-336.8833733608922
11113,-403.238538703152
11114,114.57772510795478
11115,161.83644349638973
11116,-628.0447010001054
11117,242.0117530553879
11118,362.8630361176535
11119,60.713706404244476
11120,-359.311231213259
11121,-379.08187950572676
11122,237.83778494978864
11123,-293.4175091399246
11124,-397.45137920298146
11125,159.5888560513253
11126,365.03747521359537
11127,-720.6128464897358
11128,500.1648657714839
11129,-11.265810006162923
11130,-69.35501502523813
11131,250.86562155967812
11132,-169.3067854080244
11133,120.4372069269265
11134,-39.95315782539322
11135,-520.8790659997443
11136,-631.1061053453728
11137,-189.45128724586732
11138,73.57078736644344
11139,39.63813193628239
11140,-459.8374387751048
11141,4.029071723496213
11142,-197.44889965681634
11143,62.389742569147
11144,-186.44535236927177
11145,-133.6082201956018
11146,305.0229789528641
11147,-46.02246759214792
11148,-42.281475985007276
11149,-174.61342313978227
11150,-221.8174242781658
11151,-177.5825537147668
11152,-1.6457791602113843
11153,92.19561472892799
11154,380.6366433481242
11155,5.17628553350778
11156,-43.26413786035962
11157,138.5690976831326
11158,-644.2373399718055
11159,-264.05264854098095
11160,388.0771113359532
11161,-314.57550396753203
11162,68.59577885369859
11163,313.90250595867053
11164,-174.13638000550029
11165,75.2450609171672
11166,-48.3004965347903
11167,366.32813493054226
11168,-300.95317522451955
11169,52.29547497280689
11170,199.76450852884653
11171,-291.4521388811775
11172,-221.25525714195155
11173,-347.63373665011414
11174,-203.16973722566013
11175,-377.9229754446046
11176,-39.05990123872053
11177,-27.657708986923115
11178,-4.840069011082778
11179,387.69317018167
11180,173.07521100861499
11181,932.2704016789721
11182,-79.75948934966554
11183,140.8319773722505
11184,39.6840298581275
11185,443.524208044313
11186,342.3599487202389
11187,-137.85795258406336
11188,596.3305304911726
11189,207.64692642350724
11190,-628.7444696897269
11191,498.51770649884395
11192,-157.9392487400486
11193,351.10783976574214
11194,21.711333535600247
11195,-147.8588200554936
11196,204.5724627492808
11197,29.474618249412686
11198,121.43392964124423
11199,-565.6199353865666
11200,-229.6105869585278
11201,-46.80447710874095
11202,686.9993413504822
11203,-439.37600813835616
11204,-564.306780926228
11205,-449.445238720612
11206,-187.01337557795355
11207,63.714470752307285
11208,226.53217961128948
11209,-238.26195886607456
11210,8.031752667967158
11211,-360.6886941851466
11212,-123.99311613868585
11213,-388.86461946300386
11214,21.025862631446376
11215,-301.5018712563038
11216,215.87740831289676
11217,403.5102100498001
11218,435.697603356927
11219,-107.10092088372198
11220,186.0469207837367
11221,347.5694847398063
11222,258.8139591153046
11223,-431.3756614817933
11224,-169.35938198101988
11225,106.38668004303956
11226,11.406343347779716
11227,362.59620402956443
11228,-602.2073540911477
11229,707.5559184457945
11230,202.1749187820549
11231,-50.337119767657065
11232,-170.32942345324918
11233,-33.311370903949715
11234,194.42983492011572
11235,-358.5893509674072
11236,-212.26535326917747
11237,-291.42110382226343
11238,295.5576189497116
11239,-278.9733872730841
11240,23.653653300109795
11241,-64.46361090683959
11242,-550.5130672413402
11243,541.3432697524756
11244,95.06333041130961
11245,14.598207374632727
11246,108.60883519127049
11247,-390.97470911424296
11248,358.66641966090106
11249,-656.7373713546332
11250,39.621704040650016
11251,-112.1078139764176
11252,-3.9966181836035277
11253,-399.3487785294677
11254,-189.94215830266762
11255,25.705003254618294
11256,-514.3423090508954
11257,42.903388996472835
11258,-18.9326524215669
11259,-109.32309649965732
11260,-32.89909171394663
11261,-543.8120026538537
11262,402.3710870309702
11263,36.244315379427576
11264,228.3040758000941
11265,346.3830222771374
11266,-401.22270699068486
11267,54.05719773136504
11268,6.862233348084419
11269,-3.812080565892097
11270,-445.451491973888
11271,162.0875187432692
11272,176.36752501387105
11273,-516.9719819284376
11274,189.99316009349022
11275,-164.45712796519334
11276,174.20994712832794
11277,-510.0297763148843
11278,174.78488510987125
11279,-352.74632432728384
11280,-145.4609770896167
11281,456.9718611706613
11282,-463.514890672628
11283,-363.58427640439334
11284,-157.84808228490397
11285,-195.36060962026164
11286,152.0406877568565
11287,-197.09226766881753
11288,36.48096536871982
11289,993.2248779784693
11290,-387.0287931868153
11291,-6.616510882803107
11292,-272.0688608858406
11293,-138.59954551011035
11294,-105.03944861259984
11295,-21.529524404723453
11296,91.0571991502296
11297,-65.79119714947231
11298,164.47287710093704
11299,-17.997827027464997
11300,783.8866597139144
11301,-339.2311247243129
11302,-196.48456361783568
11303,357.2184954096822
11304,186.3106252115696
11305,138.09410368403138
11306,-11.632461477738389
11307,175.8091637342037
11308,-224.61734983236252
11309,68.8557964118672
11310,201.21113139003936
11311,257.8711428771629
11312,-432.8705595172986
11313,-893.9998008184391
11314,671.8650784658582
11315,-143.37264919121816
11316,622.2386586662823
11317,179.38442629047276
11318,553.7744088919058
11319,133.39922116403818
11320,-278.76344183166606
11321,-316.62804095298435
11322,503.4156628826669
11323,282.6871359966572
11324,-192.34979075415225
11325,-266.5062159351736
11326,28.442092691971652
11327,-502.8106644889343
11328,-284.89716781773984
11329,334.3253961027041
11330,131.85559421631308
11331,-163.0690052750664
11332,207.69781044505356
11333,84.53775535541737
11334,26.259629066102843
11335,-255.92213730636712
11336,51.28290274248211
11337,-102.04962146231131
11338,160.43430410628707
11339,285.39335595630854
11340,-58.84096452168164
11341,103.1053491066587
11342,-294.31129301873386
11343,376.90749077827616
11344,69.80186693396917
11345,866.0001885226104
11346,-39.37289658053951
11347,64.61420289331805
11348,-169.65603416906686
11349,-545.1873976319999
11350,-61.769636847537264
11351,-497.32028453380747
11352,462.2911105292883
11353,-153.26914250955554
11354,-206.00694145910262
11355,-139.67967903899927
11356,-86.31603500008364
11357,589.4439429065601
11358,213.39162365467132
11359,160.84269205249763
11360,189.1431187909544
11361,-353.62333168120347
11362,-195.46146888135144
11363,-130.97048784757055
11364,-411.8978482107086
11365,339.5361109610375
11366,278.7080285787564
11367,262.5393308909979
11368,-182.31524737855918
11369,312.5925398843065
11370,292.506966028492
11371,-191.3981291302146
11372,97.19896589042825
11373,-323.0624519693488
11374,-641.633523683092
11375,34.404317785941416
11376,332.6146395449397
11377,374.39429080114525
11378,79.74057443698243
11379,-175.66454148011704
11380,161.8497799905454
11381,247.70962726908002
11382,90.73858219235962
11383,406.9195427827266
11384,-128.29338404491503
11385,131.27330755535488
11386,729.3094416276251
11387,721.9516507762634
11388,-177.94000063372465
11389,709.5229020169678
11390,68.4418279462764
11391,-488.0481067137033
11392,152.7459391461768
11393,-239.25028478333425
11394,-147.28095714479554
11395,-45.2083185756456
11396,-222.12449344542705
11397,-332.6152838819179
11398,-119.3673758230041
11399,411.59761537416614
11400,165.38288375399028
11401,488.2754656867202
11402,224.14489930098821
11403,57.12319327873907
11404,264.6650201978731
11405,-126.7509829447084
11406,-376.2060205940094
11407,48.79137391778458
11408,420.1980640051418
11409,-415.55963971310877
11410,-45.072678714989124
11411,-169.48557453543222
11412,744.9633226613821
11413,-534.1845713199484
11414,-151.03112809100895
11415,577.935865469367
11416,46.726387390608316
11417,311.55408180562233
11418,357.3063765881051
11419,265.41273843984095
11420,-253.59736902535116
11421,-473.88134405003075
11422,12.688444605877454
11423,-132.56426690048806
11424,72.47381920347591
11425,217.4358052292228
11426,-335.7785201122076
11427,-262.2046244768537
11428,95.5169832091021
11429,-209.1819202453599
11430,456.6356734923429
11431,308.4305601974662
11432,-28.85373112568154
11433,-358.51784715108096
11434,128.31172677442635
11435,145.6247243814604
11436,95.66700803418522
11437,268.2835409130816
11438,-466.924416246464
11439,-314.3209496912712
11440,344.7406648862777
11441,220.70755813671136
11442,-578.4755239012406
11443,174.80907811479432
11444,399.94148396073285
11445,732.6720966332521
11446,667.3027303329162
11447,-63.09651298272104
11448,245.9065220289223
11449,21.730193019488468
11450,-248.65264042472663
11451,-197.04075505174004
11452,-282.0464722650834
11453,-81.15238925755435
11454,52.36536160378664
11455,-2.257126778134966
11456,-758.8756116063784
11457,213.49145912249043
11458,-169.2714782639768
11459,184.72028865201247
11460,256.5643049747523
11461,-63.24889777651954
11462,-272.7178718373252
11463,135.79446347148937
11464,455.7807433953053
11465,-129.35637652171908
11466,62.8733703922198
11467,-386.8529378948045
11468,267.2276588361106
11469,287.24118692262766
11470,-52.099728652584396
11471,76.40695664839151
11472,-138.16215089738103
11473,203.556148642305
11474,15.488711020266095
11475,-5.9680825169686615
11476,-31.644142590968862
11477,221.5663023069264
11478,-687.0023182063171
11479,483.7842231435405
11480,958.0223790880731
11481,191.5960609293114
11482,-58.58970557453515
11483,259.46230620404344
11484,-6.316757561911589
11485,-270.28846900008887
11486,-772.4642296251159
11487,-146.46331926199852
11488,-37.78146099301624
11489,331.55195758224977
11490,570.4745741117811
11491,-182.59989627575155
11492,-356.09408660693856
11493,84.14295121036423
11494,-115.72664179916517
11495,431.8983819954102
11496,-39.02760836085493
11497,28.16338306294847
11498,-54.06385343329289
11499,-259.9655378401635
11500,157.69687820480794
11501,-451.5735361809531
11502,482.5565048687757
11503,242.55694520909992
11504,-588.1137438098018
11505,81.01709689599372
11506,325.4067394440305
11507,-22.052235150655825
11508,-296.27850419733096
11509,299.0519135861393
11510,468.269931223948
11511,-99.60746951487837
11512,5.278085447166643
11513,-101.94715017070855
11514,172.81543496339023
11515,-676.7207529529062
11516,-85.33458519818765
11517,117.54369571648189
11518,-83.62878738830571
11519,179.75562770163424
11520,-83.35296347452768
11521,-21.419178952216736
11522,292.1247462432763
11523,-100.163960877652
11524,-295.4450782425562
11525,-196.19961546096326
11526,-90.4034979856607
11527,-58.11412409491394
11528,-400.3793446976447
11529,236.32717532971455
11530,-312.0048905394504
11531,448.89904737276464
11532,202.73550507695273
11533,94.9287545628961
11534,60.247307917510625
11535,-149.4366324908836
11536,406.7833814658024
11537,600.8120265364315
11538,-23.263559460762387
11539,-565.3127069056478
11540,156.44069172561163
11541,648.6215466239543
11542,405.71979646874263
11543,261.8058313693003
11544,22.356083935015313
11545,238.4124747322885
11546,164.56802375270155
11547,-83.34674114858214
11548,209.77491982449442
11549,-198.97437741530746
11550,-78.7347321033749
11551,27.73248810192473
11552,450.31679507490963
11553,-78.31520558005134
11554,-267.63890633380214
11555,348.3318744546581
11556,-404.4550391740678
11557,330.0959394936931
11558,-532.9705587435963
11559,530.1667228330987
11560,-741.0568046410542
11561,478.6495234473403
11562,164.6318792135608
11563,-449.7107531471186
11564,-412.11481107833924
11565,219.1277390751058
11566,-378.6893095030049
11567,368.73338805453443
11568,37.33842695846867
11569,396.4934950040531
11570,-29.32979471853567
11571,35.475251839090824
11572,-267.29107555681395
11573,-417.34657979130986
11574,-250.3010652766377
11575,-228.95720009218718
11576,692.2513473375059
11577,-411.1573720657528
11578,482.3211788824998
11579,109.40386922308694
11580,547.6205815138993
11581,179.88426508469246
11582,-521.5793101895122
11583,-0.5366722202062875
11584,-1.310883274280286
11585,-248.0508314562961
11586,-243.06806182013133
11587,199.56730075170228
11588,381.3240432569336
11589,-393.1688038873972
11590,138.23245276134844
11591,34.24105569798802
11592,-4.629154614117923
11593,-151.8619312819581
11594,335.5463722270898
11595,-93.1452980827055
11596,507.75321866389515
11597,-355.4656205338224
11598,143.0897843816088
11599,137.94688403626947
11600,-151.04600604389717
11601,-19.601773692468647
11602,105.84882713406175
11603,-172.785189981266
11604,482.1272637099981
11605,-267.5391741332551
11606,39.905555786130016
11607,-52.85579653107445
11608,-21.222446731209992
11609,155.37989346108435
11610,-96.06927783501632
11611,-163.1753040969971
11612,-180.3657397735511
11613,-264.6784345236002
11614,171.42795164643718
11615,-11.45771336294198
11616,239.99734190689665
11617,-39.84995383841625
11618,-211.7416065579569
11619,-354.16935617356523
11620,72.47946295208938
11621,306.82020444019366
11622,10.710238479162616
11623,-367.95164299727304
11624,280.99867828489926
11625,607.1342789952017
11626,226.07866695707025
11627,565.9296380146843
11628,-147.76747216989875
11629,-314.03756027490465
11630,-180.04553525208863
11631,51.27097737987199
11632,-118.81984221413413
11633,-258.26062194274743
11634,-229.83713020204354
11635,200.3647586231521
11636,-348.0714175640102
11637,-584.8608659725448
11638,-4.9298768310260925
11639,-163.4422148166987
11640,87.02751929856952
11641,41.566635043453466
11642,-494.89046377701504
11643,-60.8877112029748
11644,-173.55136971975082
11645,181.26452118021194
11646,-51.32570908677044
11647,43.95099730518184
11648,-517.981813485879
11649,-355.5526669032854
11650,272.40216687734136
11651,490.63038344697253
11652,-37.23470686782171
11653,100.19178117715953
11654,32.26474311666982
11655,342.38399589459647
11656,-274.3839964056688
11657,-461.59948018183684
11658,399.1178188156316
11659,59.94166241926628
11660,-119.02693796298134
11661,-281.7090515974909
11662,-127.62868444831857
11663,-556.5819101778251
11664,-79.37923441222003
11665,-84.28398755175002
11666,-212.85815433361955
11667,72.29858467981342
11668,-416.4589989203814
11669,-151.39277066781818
11670,-112.94325746656848
11671,-386.9976053679828
11672,553.3497133654166
11673,-80.93783458087134
11674,265.60516451201613
11675,498.064505041546
11676,447.8834076769252
11677,-162.9533886340901
11678,121.20351520652041
11679,106.02342845843145
11680,340.50635541497286
11681,4.31441676278148
11682,-92.647836691654
11683,-354.12957712883446
11684,214.00747653242524
11685,-345.6914287422607
11686,-271.8022086291161
11687,426.3090773781535
11688,-37.757507170520704
11689,-180.4634572378344
11690,-97.58231078807198
11691,347.82231323352624
11692,-237.0130908039774
11693,118.12311870118717
11694,681.4766679385011
11695,275.6633448909282
11696,185.16481639957323
11697,-13.159363367316042
11698,274.07224748719005
11699,178.7610296558835
11700,-178.98039516140628
11701,391.8425175864838
11702,-308.94994109698024
11703,-324.8362159483896
11704,262.0871357430684
11705,398.52106409403996
11706,-368.2548804329609
11707,-181.18251143785042
11708,-166.41347208747476
11709,68.98755258725349
11710,-249.4901287843145
11711,443.60337484329
11712,13.65045988385037
11713,-212.53037852371773
11714,-27.915418712236136
11715,-240.7998218457104
11716,-142.88309144793675
11717,-285.83430439090506
11718,460.6316686800936
11719,-225.10788029950618
11720,97.82651932862002
11721,350.58725687428387
11722,378.82385166848763
11723,-3.884845525272681
11724,-260.9482885668382
11725,-64.56158617381813
11726,-270.60328416669205
11727,-569.4207476943711
11728,142.46838399487984
11729,228.1523179274669
11730,170.90589405270777
11731,-88.73300598116828
11732,179.5851459685294
11733,176.78682556049353
11734,-56.27057434823837
11735,-185.87258729682583
11736,100.44658731097056
11737,-63.6621795455849
11738,623.2061139971224
11739,-122.16898105378053
11740,-216.5726412681251
11741,-130.98097450073672
11742,-293.82665858937617
11743,167.92384362729936
11744,9.259507593413264
11745,-587.4956962603294
11746,304.7248094184765
11747,251.4635951168525
11748,-304.0609677452423
11749,108.04336957546036
11750,-218.67189979790214
11751,-105.13018388543624
11752,121.3563310871572
11753,-302.9640413485007
11754,529.6616399285879
11755,-224.55011115095357
11756,688.8598020995779
11757,121.62140840748239
11758,495.8633096373993
11759,-104.8970080032132
11760,-39.40369282771168
11761,-218.4339384089341
11762,-242.07542923760334
11763,328.4691736616511
11764,-121.57062322437415
11765,-351.96132723645644
11766,235.89654336008954
11767,211.8433161338362
11768,581.9859083831246
11769,-187.8168517671767
11770,-88.2035305628131
11771,-121.26318282161424
11772,-682.3449315356836
11773,-61.45599357158186
11774,69.00904133898322
11775,132.89487284698956
11776,41.646820743463174
11777,-513.1698248834675
11778,216.74344092334687
11779,-533.8087878872968
11780,-467.10306503157227
11781,39.6939896551461
11782,178.84483759017877
11783,-255.91268436083163
11784,468.6909720129367
11785,-959.145867517445
11786,201.8625119158863
11787,-282.5687070757382
11788,-392.43495156660424
11789,-219.68775779803565
11790,169.59302266781253
11791,-21.895665769337246
11792,-242.2799222872567
11793,35.588860751347
11794,336.4403335300434
11795,-63.33152033000637
11796,-4.446048273786732
11797,-312.31536571456024
11798,14.581415571942546
11799,-258.2235127345508
11800,725.8387913302838
11801,-303.8280646204015
11802,-726.1845220640308
11803,93.42268369441305
11804,92.79798258372118
11805,342.4123292506728
11806,856.1825394344157
11807,-54.88314706218184
11808,-213.13720641425525
11809,-365.0835488849474
11810,-733.4819620034943
11811,-206.05838193577966
11812,-418.2722352600778
11813,358.80446947095305
11814,-260.6223453246695
11815,546.234572258784
11816,187.4494866560296
11817,-22.033982900795582
11818,88.73051702341431
11819,-243.1384797848777
11820,-41.37966627895604
11821,-543.6240241200903
11822,840.8060354669688
11823,402.82422181866434
11824,79.42070559550052
11825,473.38979426396463
11826,-57.64549004681639
11827,210.11286727244186
11828,-185.75745290109995
11829,22.76913800358593
11830,940.7468340773515
11831,-442.7066678021556
11832,-475.24478225219246
11833,-339.9942839816208
11834,541.6463647301907
11835,333.499079564674
11836,-765.4962533792757
11837,91.19318918087268
11838,164.45073228966277
11839,274.61283312273844
11840,263.18825389803806
11841,303.6223346767648
11842,-92.18952553795609
11843,208.97371337568302
11844,-170.0341905096146
11845,41.55819635804728
11846,-670.8313651099276
11847,452.6593777040686
11848,741.8102612544455
11849,420.55241150407437
11850,400.35300244817813
11851,-181.64239575564193
11852,162.04635840200518
11853,2.748093609333523
11854,534.6906446334303
11855,145.05936874351252
11856,245.63977352375164
11857,192.70633663604957
11858,486.573986371647
11859,525.2699999852709
11860,172.00159142779145
11861,342.56191471401786
11862,-338.4488098951223
11863,99.97133504380332
11864,-176.90171781690293
11865,316.42601020393283
11866,-637.4632411206286
11867,74.5333573639017
11868,-319.6093541834506
11869,-234.07357196963403
11870,238.83176324556234
11871,684.2995158543802
11872,-273.393946906344
11873,229.49387382849574
11874,-191.42805181835212
11875,591.7365509012384
11876,-357.7170769578667
11877,279.3492027993535
11878,16.385346982374482
11879,1015.232107119162
11880,-44.24764867011673
11881,-259.1203848495992
11882,6.686312571179968
11883,113.4176595002539
11884,164.36906042910604
11885,-219.7909106431461
11886,-50.91215016522599
11887,234.69378482921334
11888,-225.7460471560124
11889,-124.56806112022932
11890,89.3308063458624
11891,-24.03982232115352
11892,949.8138509171473
11893,21.685293242947505
11894,-333.06691562171073
11895,51.63526677112738
11896,-328.7470589180693
11897,-622.2335618237697
11898,-406.8257232673673
11899,-126.38083816157007
11900,-298.3568340444088
11901,-494.6324027328499
11902,579.0223407583984
11903,170.4248951223828
11904,160.45127278901404
11905,-127.53245750920856
11906,116.51260749164143
11907,137.24483689523223
11908,-1.235126305627307
11909,613.2508183966268
11910,435.23448086059415
11911,160.38696710023333
11912,-185.47388977035024
11913,188.64065599401133
11914,-610.5603513173609
11915,23.714657186399723
11916,-97.90469140459561
11917,-120.6134540859719
11918,353.07871733578736
11919,-18.442887505295552
11920,-120.28546893417436
11921,15.392910103857904
11922,185.8069680477445
11923,845.6527630055801
11924,349.4593287705585
11925,45.892637236966436
11926,-7.237928751002107
11927,-164.71617083396023
11928,107.29963692985879
11929,-99.60009978114877
11930,48.616369269303334
11931,41.19970604370652
11932,661.6732170958664
11933,305.95898794977745
11934,500.41107558683177
11935,-231.16099217574433
11936,334.17773249931844
11937,-326.4023426632565
11938,-574.1806195838037
11939,148.54087270945146
11940,613.9878825912878
11941,184.5203674198837
11942,-216.10046725875515
11943,-616.0735283229872
11944,127.46984067427078
11945,-96.88155439275017
11946,-167.7120378439441
11947,-349.946994886193
11948,6.614867126927038
11949,543.279706406886
11950,-362.78103146833774
11951,-330.05741949466494
11952,347.0145487363173
11953,526.430773293447
11954,-69.34252030457003
11955,368.08942932477555
11956,381.7237196417385
11957,345.8528403280833
11958,-204.68981318862043
11959,157.8972183189641
11960,-967.3833642179109
11961,527.9548197579917
11962,-338.84960578595457
11963,609.1811386017552
11964,381.1166205897982
11965,-18.35158324023041
11966,-92.24291830783076
11967,-166.08686551614534
11968,-173.93959945806236
11969,-221.13734204317626
11970,-228.37612245128594
11971,198.06160680945976
11972,-713.0064769343032
11973,-89.68186474183366
11974,-480.0045701677802
11975,-271.7333959227005
11976,565.3236399366715
11977,96.1114826323292
11978,178.61335856961335
11979,-61.17433245470547
11980,-368.6916872400586
11981,4.847746578177913
11982,414.41382134440147
11983,-760.3183167930517
11984,84.91271532686078
11985,-251.84732552029064
11986,280.70758458952
11987,-391.25027825107674
11988,608.4991171703746
11989,-27.80846060721227
11990,-123.41411926925589
11991,-130.8292441940833
11992,18.553068892602653
11993,-433.1653758772137
11994,-303.7091261164652
11995,464.71525498507907
11996,496.48533446727845
11997,-35.13540941579561
11998,-131.6791845343875
11999,417.2691546213342
